{"label": "11", "label_des": "薅羊毛", "sentence": "活动新用户领5元现金即日起成功注册酷划的新用户，填写邀请码80008即可领取5元现金奖励哦。小伙伴们不要错过，赶快来酷划锁屏领红包吧~每天解锁50次，一年可赚上千元酷划锁屏是一款可以自动赚钱的手机锁屏APP，每次解锁手机均有数额不等的现金奖励。赚到的钱可以极速提现到微信钱包、支付宝，也可以用来购买爆款商品。除手机解锁可以赚钱外，酷划还提供邀请赚、分享赚、高额赚等十余种赚钱方式，零成本可得高额回报。三年时间里，酷划已累计服务了超一亿名用户。在手赚软件中处于无可争议的领先地位。手机赚钱，用酷划锁屏就对了功能介绍手机解锁领现金每次解锁均有现金奖励锁屏精选新鲜资讯，边看边赚零花钱十种以上赚钱方式邀请赚、分享赚、试玩赚…多种赚钱方式任你选每天花上五分钟，酷划收入翻倍领邀请徒弟收入加倍邀请好友体验酷划，建立师徒关系徒弟挣钱，师傅得现金奖励提现购物任你挑选您的收入可提现，购物，话费充值微信一元提现，极速到账官网www.coohua.com微信公众号酷划在线客服邮箱help@coohua.com,每天解锁50次，一年可赚上千块,1、客户端个人中心电商相关功能下线2、锁屏改造客户端SDK"}
{"label": "95", "label_des": "借贷", "sentence": "产品简介小腰包APP是友戏互联为年轻白领人群打造的一款互联网消费金融应用，以用户日常消费行为轨迹为信用依据，为用户进行信用评估。并通过简单的操作、便捷的申请及快速审核为消费人群提供现金补充及分期服务。产品亮点1申请快捷以用户日常消费行为轨迹为信用依据，打造门槛低、审核快、线上申请、随时可用的产品申请特点。2大数据评级采用生物识别技术+大数据信用评级整合腾讯、阿里、京东、金山、银联等大数据资源，打造便捷申请，快速审批，安全交互，全面触达的现金补充服务体验。3挖掘信用价值为用户提供授信额度提升机制，借助完善的消费数据分析模型以及用户自主的信用信息补全行为，体现信用价值。4游戏交互场景游戏化场景，摆脱传统平台直白、乏味的用户体验；打造生动、真实的人机互动体验，让用户在使用时不再感到无趣。联系方式官方微信小腰包官方网站www.uxibank.com全国客服电话01056592326,借款必备神器,应用版本1.2.5大小29.8M资费免费时间2018/2/8分级3岁以上"}
{"label": "74", "label_des": "违章", "sentence": "6000万车主都在用的查违章洗车养车加油车险优惠一站式用车服务平台，河南交警系统直连特色功能专属用车管家登录即享全方位的管家服务。实时用车提醒、1对1在线答疑、管家福利推荐，更有干货分享，从此用车不找熟人。车辆违章查询车辆违章数据来自河南省交管部门，信息真实、准确，全省违章信息皆可查询。VIP会员还可享受违章代办，快速处理违章记录，避免排长队。随时查询、随时处理，简便快捷。友途VIP享受优质用车生活19元即可成为友途VIP会员，享九大特权加油每升补贴1毛、线上违章处理、维保用品6折、快捷审车不排队、高额车险补贴、4A+景区免门票、城区道路救援等，让您用车省钱省心省时间。全城热聊结识更多车友车主实名认证，随时随地报堵，了解新的路况，结交不同车友，全城伴你同行全方位车主金融车主贷，高额度；建行友途车主卡办理，尽享用车福利；车主信用卡申请，高额度，易申请，车险高额返利，人保太平洋平安车险多种选择，购险即可享受友途赠送的40的补贴，更有购险后的专业用车指导服务全方位用车福利APP违章、加油、洗车、保养、审车、游玩、车险全覆盖，全景化用车生活福利平台，友途车服即可搞定联系我们官方微博@友途车服官方微信友途帮微信号youtubng666官方网址www.youtoo365.com客服电话967106更新内容稳定性改进和错误修正。"}
{"label": "70", "label_des": "工具", "sentence": "这不仅是一个一站式的服务平台，在使用魅族手机过程中遇到什么可以通过这个应用来寻求解决，还是您们身边的服务中心，内置贴心的服务查询和完善的咨询服务，让您在家也能享受窝心服务。"}
{"label": "58", "label_des": "高等教育", "sentence": "\"2019普通话学习、教师、公务员、播音主持、学拼音、配音员做普通话水平测试的优选软件1.普通话考试汇集普通话考试所有必考知识点，普通话词语表、60篇朗读文章、30篇命题说话。更有模拟考试示范性拼音和发音。不再怕读不准拼音字母表、学拼音，读绕口令，考幼师、教师、播音主持、配音员就是可以这么简单2.学拼音荟萃拼音字母表的声母表、韵母表的发音图片及音频。从基础学习发音技巧，提供标准的拼音字母表抓好普通话发音，为学习语文，读好古诗文、绕口令打下良好基础也为想成为幼师、教师、播音主持、配音员的你打下良好基础。3.普通话学习"}
{"label": "25", "label_des": "约会社交", "sentence": "产品介绍真实互动交友约会吧，聊天泡走喜欢的人无论你是情窦初开、再次寻爱还是离异孤单，都可以在这个平台上找到社交伴侣，不再孤单寂寞美女帅哥应有尽有，让你感受一对一零距离的邂逅，陪你聊工作，聊生活，聊情感，赶走寂寞无聊~功能介绍约聊提示今夜谁渴望遇到你实时提醒谁看过您，谁曾经关注过您，谁给你发来了消息，实时提醒热辣推荐根据您的条件向您推荐成功率高的TA附近交友随时邂逅身边的异性，让你马上约的到身份核查真实照片、真实资料，拒绝骗子2秒注册一键快速高效，描述您的情况和需要，让TA不会错过你全天客服提供24小时在线客户服务支持，。"}
{"label": "25", "label_des": "约会社交", "sentence": "\"在同城邂逅你附近的人；在约会找兴趣相投的人一起去玩吧；在对方的空间看上了一键约TA；发约会不等待主动出击。可以应约他人的约会，也可以发布自己想要的约会哦一个人无聊是寂寞，两个人无聊是相伴不要孤单寂寞冷，那就快点行动起来吧更新内容1."}
{"label": "70", "label_des": "工具", "sentence": "助力你的商业成功，让你一步跨入汇聚商业资源的社交圈子。正和岛上聚集了全球企业家正和岛岛邻，以及近百万企业决策者和管理者，是全球有影响力的高端商业社交平台。现在，你只需安装正和岛APP就可以与他们一路同行。你将Get到人脉发现值得信赖的合作伙伴，除了翔实的信息，你还可以看到他在圈里的口碑；机会对接商业资源，一对一精准推送到合作伙伴和客户面前；公开课链接高端企业家智库，企业家智慧的知识分享平台；岛读共读商业头条，与专家大咖近距离互动和碰撞；同时，你的正和岛个人主页将成为展现你商业形象的个性名片，花点时间润色，最优秀的商业伙伴可能因此主动找到你。更新内容1、新金海客身份，可享受多重权益2、通过推荐人机制可推荐或称为金海客3、上线卡券系统，岛上消费更优惠"}